old_path,new_path,category_zh,sha256_before,sha256_after,byte_identical
D1.R,upstream/day-scripts/D1.R,逐日课程脚本,59a79fd2dc68cca63eec9ee9e0d42528883c22a5c83be22e009e70a6ce9ef67d,59a79fd2dc68cca63eec9ee9e0d42528883c22a5c83be22e009e70a6ce9ef67d,yes
D10.R,upstream/day-scripts/D10.R,逐日课程脚本,b5fb52d0e4df6db6d2a91dbac137cb0e67d1e24f9a84aee6604bff3ea9a3ebaa,b5fb52d0e4df6db6d2a91dbac137cb0e67d1e24f9a84aee6604bff3ea9a3ebaa,yes
D11.R,upstream/day-scripts/D11.R,逐日课程脚本,9d4cdd2eae9386f47f3d8ff433ff7df25886a7c96d37a51c805933959e808eda,9d4cdd2eae9386f47f3d8ff433ff7df25886a7c96d37a51c805933959e808eda,yes
D12.R,upstream/day-scripts/D12.R,逐日课程脚本,5370e98d21bc309f788c3fbc92f86a62cb2eaae1dff7d55225dae5e29eca9591,5370e98d21bc309f788c3fbc92f86a62cb2eaae1dff7d55225dae5e29eca9591,yes
D13.R,upstream/day-scripts/D13.R,逐日课程脚本,5840a09fedf0d9f8b36464e07b7a19936e6e3d11ce2d34842ed0f331ee0f1a0a,5840a09fedf0d9f8b36464e07b7a19936e6e3d11ce2d34842ed0f331ee0f1a0a,yes
D14.R,upstream/day-scripts/D14.R,逐日课程脚本,edf1d0e1f28a9754a000f612e9ab159054f7767a878dbdba284ce4a50424f166,edf1d0e1f28a9754a000f612e9ab159054f7767a878dbdba284ce4a50424f166,yes
D15.R,upstream/day-scripts/D15.R,逐日课程脚本,bf564d33bbe85c2a5fd97aaf9eca29d31bff78731ad597fd7b8b71c252b618dd,bf564d33bbe85c2a5fd97aaf9eca29d31bff78731ad597fd7b8b71c252b618dd,yes
D2.R,upstream/day-scripts/D2.R,逐日课程脚本,a34c681d02397dc0184541fe82bfe1d5b39b56249a79eb6731e26beed50ed988,a34c681d02397dc0184541fe82bfe1d5b39b56249a79eb6731e26beed50ed988,yes
D3.R,upstream/day-scripts/D3.R,逐日课程脚本,49bbac07db2b1735ad9a6cf1b8bdcb2ffafac85cf171b2ee76f525f6984508bf,49bbac07db2b1735ad9a6cf1b8bdcb2ffafac85cf171b2ee76f525f6984508bf,yes
D4.R,upstream/day-scripts/D4.R,逐日课程脚本,2652ef9f1a62c31b0541f7e83d8d256638dd3e766f659d2aab41ff84ee782249,2652ef9f1a62c31b0541f7e83d8d256638dd3e766f659d2aab41ff84ee782249,yes
D5.R,upstream/day-scripts/D5.R,逐日课程脚本,4ceacbd288e93e1c99ab17087247c185e61e2d3959ce5add5349d83b12157cd5,4ceacbd288e93e1c99ab17087247c185e61e2d3959ce5add5349d83b12157cd5,yes
D6.R,upstream/day-scripts/D6.R,逐日课程脚本,ae3790bb25089f14aec74954ddaef1f9e62b63ca26abadc28a3f9a955950ada5,ae3790bb25089f14aec74954ddaef1f9e62b63ca26abadc28a3f9a955950ada5,yes
D7.R,upstream/day-scripts/D7.R,逐日课程脚本,a9bfbf4acf8d9aec8adfce7cb1c0320f5d34fde0e959813d149504d9fadff82a,a9bfbf4acf8d9aec8adfce7cb1c0320f5d34fde0e959813d149504d9fadff82a,yes
D8.R,upstream/day-scripts/D8.R,逐日课程脚本,9c9a0827dc178b69d172a5bc249d9156dc9eaa6c4218c4b4d514aec319f2a5dd,9c9a0827dc178b69d172a5bc249d9156dc9eaa6c4218c4b4d514aec319f2a5dd,yes
D9.R,upstream/day-scripts/D9.R,逐日课程脚本,16db341cc5a743675f73b25043f934f2d47a14498822e00c60be02fbbc739507,16db341cc5a743675f73b25043f934f2d47a14498822e00c60be02fbbc739507,yes
LightRAG/LightRAG_Client.R,upstream/tools/lightrag/LightRAG_Client.R,辅助工具,421e41d427a8435d27053b966f47bc1214de32cd0f7f36ee5a30211cd9e90420,421e41d427a8435d27053b966f47bc1214de32cd0f7f36ee5a30211cd9e90420,yes
LightRAG/examples.R,upstream/tools/lightrag/examples.R,辅助工具,192a3e11423fe6f603e6c960e22b4f88cd6f9c45cbcf9be417bcd32d1d3ea7b5,192a3e11423fe6f603e6c960e22b4f88cd6f9c45cbcf9be417bcd32d1d3ea7b5,yes
LightRAG/lightrag.R,upstream/tools/lightrag/lightrag.R,辅助工具,b1b804712068fd840a7f12b800e078b0d4b1d64ee03856fa9c3917204079c826,b1b804712068fd840a7f12b800e078b0d4b1d64ee03856fa9c3917204079c826,yes
Participants.R,upstream/auxiliary/participants/Participants.R,参与者材料,cf4866206ce8162897478516ec08d7eef2186e137733aa4fe0ac82f029361d22,cf4866206ce8162897478516ec08d7eef2186e137733aa4fe0ac82f029361d22,yes
Participants_distribution_map_2.pdf,upstream/auxiliary/participants/Participants_distribution_map_2.pdf,参与者材料,226464db0278467aa6d953e68d287e78983adc5a45db4a6e9cad8a7365086ae6,226464db0278467aa6d953e68d287e78983adc5a45db4a6e9cad8a7365086ae6,yes
Pro.Tip.2.R,upstream/auxiliary/examples/Pro.Tip.2.R,辅助示例,f56989327e28b10a5ccdd0b2229f934482d6517a9cd08d437a3cdd0038f2ae70,f56989327e28b10a5ccdd0b2229f934482d6517a9cd08d437a3cdd0038f2ae70,yes
Pro.Tip.R,upstream/auxiliary/examples/Pro.Tip.R,辅助示例,61929408671c830c8a3370b48cd16a3c638953480b652f089a7b2cda9ce2899b,61929408671c830c8a3370b48cd16a3c638953480b652f089a7b2cda9ce2899b,yes
README.html,upstream/reference/original-readme.html,原始提纲,83a492072ae49718e623fe5c40ea181121fd8774275088af0256b368dfff26e1,83a492072ae49718e623fe5c40ea181121fd8774275088af0256b368dfff26e1,yes
dispersalENM/1_Packages.R,upstream/topics/dispersal-enm/1_Packages.R,扩散专题,de1123aece58abde1651afeb38cb35da1bedac90a9ccfc752f26e1984edebad7,de1123aece58abde1651afeb38cb35da1bedac90a9ccfc752f26e1984edebad7,yes
dispersalENM/2_other_env.R,upstream/topics/dispersal-enm/2_other_env.R,扩散专题,9a8605cee6c006425055c464eed04c9d9269b76452fbb8e194916086e96920ce,9a8605cee6c006425055c464eed04c9d9269b76452fbb8e194916086e96920ce,yes
dispersalENM/3_virtual_species.R,upstream/topics/dispersal-enm/3_virtual_species.R,扩散专题,4b30b503165d9d65eea5b9f157acea6851d0daea9ff5ad54fda3898de75d02f5,4b30b503165d9d65eea5b9f157acea6851d0daea9ff5ad54fda3898de75d02f5,yes
dispersalENM/4_Figure.R,upstream/topics/dispersal-enm/4_Figure.R,扩散专题,2d63c2d39984d58b12339cf523f099e58cb7c3aa166a9dba7d4f8d2a3996169f,2d63c2d39984d58b12339cf523f099e58cb7c3aa166a9dba7d4f8d2a3996169f,yes
fruitfly.brain/fruitfly.brain.R,upstream/topics/fruitfly-brain/fruitfly.brain.R,果蝇专题,655fbcf9dd1586cd7c04899fa8da13ec9d49c1436ec5e467feddd6d1c7c2aea8,655fbcf9dd1586cd7c04899fa8da13ec9d49c1436ec5e467feddd6d1c7c2aea8,yes
fruitfly.brain/fruitfly.brain.SDM.R,upstream/topics/fruitfly-brain/fruitfly.brain.SDM.R,果蝇专题,8591f1fdfa9b852ef9b432981034ca06d8f65e843addf916bd5d2254e55b9733,8591f1fdfa9b852ef9b432981034ca06d8f65e843addf916bd5d2254e55b9733,yes
learning.curve.R,upstream/auxiliary/examples/learning.curve.R,辅助示例,9324ac8fe2301edda9f4fea7e906027011e8f48136084baba9234bfe07c1120d,9324ac8fe2301edda9f4fea7e906027011e8f48136084baba9234bfe07c1120d,yes
r_statistics_course/01.sampling_and_descriptive_stats.html,upstream/topics/r-statistics/01.sampling_and_descriptive_stats.html,统计基础,42113fd3ba29dc20f9f320de883d17b036037d871d1903aeb76664a4fa13c839,42113fd3ba29dc20f9f320de883d17b036037d871d1903aeb76664a4fa13c839,yes
r_statistics_course/01.sampling_and_descriptive_stats.md,upstream/topics/r-statistics/01.sampling_and_descriptive_stats.md,统计基础,d52974caf05b0d07d1d6f85c712956687b41b23899df9c107a72f44ca9e82b2d,d52974caf05b0d07d1d6f85c712956687b41b23899df9c107a72f44ca9e82b2d,yes
r_statistics_course/01.sampling_and_descriptive_stats.r,upstream/topics/r-statistics/01.sampling_and_descriptive_stats.r,统计基础,9e4801e9ae9a756a09befcd0882ec7dcb128ea67d635eae0769d5a18e8c6c2a9,9e4801e9ae9a756a09befcd0882ec7dcb128ea67d635eae0769d5a18e8c6c2a9,yes
r_statistics_course/02.probability_basics.html,upstream/topics/r-statistics/02.probability_basics.html,统计基础,457110d82447a8d86a19c47e0e38443e5f66de2229a27d542fa431c61d7f81ae,457110d82447a8d86a19c47e0e38443e5f66de2229a27d542fa431c61d7f81ae,yes
r_statistics_course/02.probability_basics.md,upstream/topics/r-statistics/02.probability_basics.md,统计基础,000e53588525dab75190b3e2521461bc241783be349844f86ff8225a9ab7a670,000e53588525dab75190b3e2521461bc241783be349844f86ff8225a9ab7a670,yes
r_statistics_course/02.probability_basics.r,upstream/topics/r-statistics/02.probability_basics.r,统计基础,42f4973d356e69d985deae965d63412bebaa950310820d306e6b2409730a64b5,42f4973d356e69d985deae965d63412bebaa950310820d306e6b2409730a64b5,yes
r_statistics_course/03.random_variables_clt.html,upstream/topics/r-statistics/03.random_variables_clt.html,统计基础,dcbb0cab3a0314d5435fcaf86b545e2e84e16cf7244dab6ede1223760fa737f3,dcbb0cab3a0314d5435fcaf86b545e2e84e16cf7244dab6ede1223760fa737f3,yes
r_statistics_course/03.random_variables_clt.md,upstream/topics/r-statistics/03.random_variables_clt.md,统计基础,0f0790e160c9b1e79e63d02d0194315535c4eddd57500b8b1430a3cd7c3bf04b,0f0790e160c9b1e79e63d02d0194315535c4eddd57500b8b1430a3cd7c3bf04b,yes
r_statistics_course/03.random_variables_clt.r,upstream/topics/r-statistics/03.random_variables_clt.r,统计基础,555f2b691f9309017ba9574fa141d12c03420364e2350857400bbaf03823c957,555f2b691f9309017ba9574fa141d12c03420364e2350857400bbaf03823c957,yes
r_statistics_course/04.hypothesis_testing_concept.html,upstream/topics/r-statistics/04.hypothesis_testing_concept.html,统计基础,db6e3d42922886e14c480c5e00068638e886ca9ae97183be169aeb8ab0b526a7,db6e3d42922886e14c480c5e00068638e886ca9ae97183be169aeb8ab0b526a7,yes
r_statistics_course/04.hypothesis_testing_concept.md,upstream/topics/r-statistics/04.hypothesis_testing_concept.md,统计基础,af44b32333148d5b634daae219d4b5feaaad71edb6336452acc0583486898e18,af44b32333148d5b634daae219d4b5feaaad71edb6336452acc0583486898e18,yes
r_statistics_course/04.hypothesis_testing_concept.r,upstream/topics/r-statistics/04.hypothesis_testing_concept.r,统计基础,6943ffbeff8c84c4fe7830f9f95b0f108f9899c48b64452ffc845313fd890c3f,6943ffbeff8c84c4fe7830f9f95b0f108f9899c48b64452ffc845313fd890c3f,yes
r_statistics_course/05.one_sample_ttest.html,upstream/topics/r-statistics/05.one_sample_ttest.html,统计基础,7040f53330ec57b97711b707c916708cc6b95c76beb2f312613258f83e8b3557,7040f53330ec57b97711b707c916708cc6b95c76beb2f312613258f83e8b3557,yes
r_statistics_course/05.one_sample_ttest.md,upstream/topics/r-statistics/05.one_sample_ttest.md,统计基础,2f4d35bd0c0ae3113e0e2f9e398fc7beb96cf2a4fca057924ddcb8da33d7dc3f,2f4d35bd0c0ae3113e0e2f9e398fc7beb96cf2a4fca057924ddcb8da33d7dc3f,yes
r_statistics_course/05.one_sample_ttest.r,upstream/topics/r-statistics/05.one_sample_ttest.r,统计基础,a6de75c8cdd0237bb5aa8fe1accaaa3002d855883f67430a12bb9c2365e15921,a6de75c8cdd0237bb5aa8fe1accaaa3002d855883f67430a12bb9c2365e15921,yes
r_statistics_course/06.two_sample_ttest.md,upstream/topics/r-statistics/06.two_sample_ttest.md,统计基础,24693a1a220ec603a312b0e4c62d4c493184763d60f2aac0da1758a0a8bf2809,24693a1a220ec603a312b0e4c62d4c493184763d60f2aac0da1758a0a8bf2809,yes
r_statistics_course/06.two_sample_ttest.r,upstream/topics/r-statistics/06.two_sample_ttest.r,统计基础,492c472f411eedb80d518fc09e4ba4d1e9200c6ccb4e59404062269e7da76e78,492c472f411eedb80d518fc09e4ba4d1e9200c6ccb4e59404062269e7da76e78,yes
r_statistics_course/07.paired_sample_ttest.md,upstream/topics/r-statistics/07.paired_sample_ttest.md,统计基础,9721e5c6b2bacbde336d57a618e2cbc573933919b7697f36da6e5f0d236a9033,9721e5c6b2bacbde336d57a618e2cbc573933919b7697f36da6e5f0d236a9033,yes
r_statistics_course/07.paired_sample_ttest.r,upstream/topics/r-statistics/07.paired_sample_ttest.r,统计基础,e6ca2e273e77c473dce5032767466fa5756a353fbbc055a11de19105c1c50534,e6ca2e273e77c473dce5032767466fa5756a353fbbc055a11de19105c1c50534,yes
r_statistics_course/08.point_interval_estimation.md,upstream/topics/r-statistics/08.point_interval_estimation.md,统计基础,84e4db4642ad742a2d95a800fd370963db3ec294c4bb0ebfc16dbc45c51f368a,84e4db4642ad742a2d95a800fd370963db3ec294c4bb0ebfc16dbc45c51f368a,yes
r_statistics_course/08.point_interval_estimation.r,upstream/topics/r-statistics/08.point_interval_estimation.r,统计基础,aa3ec0f6d073209b95a977b792d06e841f6b9130bf357a05292d7caec6c9c315,aa3ec0f6d073209b95a977b792d06e841f6b9130bf357a05292d7caec6c9c315,yes
r_statistics_course/09.correlation_regression_anova.md,upstream/topics/r-statistics/09.correlation_regression_anova.md,统计基础,cd18f1f6508126f760c4028cdc9cf4c8ce764555dff98782e8cb22d37f2cc252,cd18f1f6508126f760c4028cdc9cf4c8ce764555dff98782e8cb22d37f2cc252,yes
r_statistics_course/09.correlation_regression_anova.r,upstream/topics/r-statistics/09.correlation_regression_anova.r,统计基础,95aec93a1203b2a640faedfe8428c99e0c0fb487452004de37d853ae9491c72b,95aec93a1203b2a640faedfe8428c99e0c0fb487452004de37d853ae9491c72b,yes
r_statistics_course/10.goodness_of_fit_and_glm.html,upstream/topics/r-statistics/10.goodness_of_fit_and_glm.html,统计基础,48e0de97bdeb9df3355d196a2f07122ca37ad70b3096a6f37decef94603a6669,48e0de97bdeb9df3355d196a2f07122ca37ad70b3096a6f37decef94603a6669,yes
r_statistics_course/10.goodness_of_fit_and_glm.md,upstream/topics/r-statistics/10.goodness_of_fit_and_glm.md,统计基础,b03a7bbd1ab280493ac45448a2eccc15042303d9dc3a9b73e593edd538d25ee3,b03a7bbd1ab280493ac45448a2eccc15042303d9dc3a9b73e593edd538d25ee3,yes
r_statistics_course/10.goodness_of_fit_and_glm.r,upstream/topics/r-statistics/10.goodness_of_fit_and_glm.r,统计基础,51e9e0f6744b5e3f35628f2e06346edbe0567225bf66982e4b405c33b7f81efe,51e9e0f6744b5e3f35628f2e06346edbe0567225bf66982e4b405c33b7f81efe,yes
r_statistics_course/11.time_series_basics.md,upstream/topics/r-statistics/11.time_series_basics.md,统计基础,c2196d1990576d5d25df676a93b68504734b5e3af3a2438b23ac4ee17cbb2111,c2196d1990576d5d25df676a93b68504734b5e3af3a2438b23ac4ee17cbb2111,yes
r_statistics_course/11.time_series_basics.r,upstream/topics/r-statistics/11.time_series_basics.r,统计基础,4e56a6fab3f0d40ad6252aaa210779c871e82215c102ace417705d814b5062d8,4e56a6fab3f0d40ad6252aaa210779c871e82215c102ace417705d814b5062d8,yes
r_statistics_course/12.pvalue.R,upstream/topics/r-statistics/12.pvalue.R,统计基础,7d31792cdd7298124c144c2df97de0cc132a4c96f63444144896d276624891aa,7d31792cdd7298124c144c2df97de0cc132a4c96f63444144896d276624891aa,yes
r_statistics_course/12.pvalue.html,upstream/topics/r-statistics/12.pvalue.html,统计基础,e0490e3120e28e2b9388d1b93cec39714015303b3b464147b62dd7e0230d6504,e0490e3120e28e2b9388d1b93cec39714015303b3b464147b62dd7e0230d6504,yes
r_statistics_course/12.pvalue.md,upstream/topics/r-statistics/12.pvalue.md,统计基础,8f2dc080f58baaf56c7abb89b69ed6cd53741a32ebcc858123e7f8b5703a2ae0,8f2dc080f58baaf56c7abb89b69ed6cd53741a32ebcc858123e7f8b5703a2ae0,yes
r_statistics_course/13.cor.cau.R,upstream/topics/r-statistics/13.cor.cau.R,统计基础,f89f0fc48e786b23809fa187463eef1a35ece41c7bd03450ad1e09af9a38810a,f89f0fc48e786b23809fa187463eef1a35ece41c7bd03450ad1e09af9a38810a,yes
r_statistics_course/full.cn.html,upstream/topics/r-statistics/full.cn.html,统计基础,f1487efd5316a6215f855db6bad6d7769aa155c431b2b9d9c740bbc4a5e02425,f1487efd5316a6215f855db6bad6d7769aa155c431b2b9d9c740bbc4a5e02425,yes
r_statistics_course/full.cn.md,upstream/topics/r-statistics/full.cn.md,统计基础,ea900cc3c9c7f4e2eabe361b00d7450b86402429efc2b1d581b8ef8acacd3b18,ea900cc3c9c7f4e2eabe361b00d7450b86402429efc2b1d581b8ef8acacd3b18,yes
scale_matters/3.6mya.R,upstream/topics/scale-matters/3.6mya.R,尺度专题,f60789b81bfe2f35c8e479262236b95594b19342fe6d5e7d2df62e6babd8a9be,f60789b81bfe2f35c8e479262236b95594b19342fe6d5e7d2df62e6babd8a9be,yes
scale_matters/540mya.R,upstream/topics/scale-matters/540mya.R,尺度专题,01fd0acbe172c614a3bdbe3ccb7e6b85882e1e620ec777b7ae6c2832d120204f,01fd0acbe172c614a3bdbe3ccb7e6b85882e1e620ec777b7ae6c2832d120204f,yes
scale_matters/earth3d.R,upstream/topics/scale-matters/earth3d.R,尺度专题,b1bc82434f109ebddc36044f9a44b7d231a1acd548035ec6ffd7488a21dbdb3b,b1bc82434f109ebddc36044f9a44b7d231a1acd548035ec6ffd7488a21dbdb3b,yes
scale_matters/earth_surface.R,upstream/topics/scale-matters/earth_surface.R,尺度专题,ca4624f323d313df1434073bd266feca8e226af8cd709e91eecc353ffd67d274,ca4624f323d313df1434073bd266feca8e226af8cd709e91eecc353ffd67d274,yes
scale_matters/milankovitch_cycles.R,upstream/topics/scale-matters/milankovitch_cycles.R,尺度专题,b133496f41bb8d5363b75ea4fe30b1fd1a3dee7ede60b383e9cb2affb897fe3e,b133496f41bb8d5363b75ea4fe30b1fd1a3dee7ede60b383e9cb2affb897fe3e,yes
scale_matters/solar_system.R,upstream/topics/scale-matters/solar_system.R,尺度专题,476c29069c82ae58fe193c1308aff80ed67826e1964085ba00e9448218efa980,476c29069c82ae58fe193c1308aff80ed67826e1964085ba00e9448218efa980,yes
